user_pseudo_id,total_visits,total_sessions,first_visit,last_visit,days_between_first_last
620878416.1715520607,5,26,2025-11-02,2025-11-06,4
2019630917.1761836930,5,14,2025-11-02,2025-11-06,4
1597100681.1762111779,5,14,2025-11-02,2025-11-06,4
2081463643.1761074409,5,14,2025-11-02,2025-11-06,4
1470008856.1762116286,5,13,2025-11-02,2025-11-06,4
2098069388.1760835560,5,12,2025-11-02,2025-11-06,4
1947651624.1760911252,5,12,2025-11-02,2025-11-06,4
1619314546.1761932592,5,11,2025-11-02,2025-11-06,4
1729807025.1762091708,5,10,2025-11-02,2025-11-06,4
1977455019.1761709660,5,10,2025-11-02,2025-11-06,4
297751915.1762128689,5,7,2025-11-02,2025-11-06,4
,5,0,2025-11-02,2025-11-06,4
655460933.1762031346,4,20,2025-11-02,2025-11-05,3
641169426.1760490288,4,17,2025-11-02,2025-11-05,3
295677041.1762114320,4,16,2025-11-02,2025-11-06,4
1026574891.1762237260,4,15,2025-11-03,2025-11-06,3
1020891823.1761670564,4,13,2025-11-02,2025-11-05,3
1855589205.1762041610,4,11,2025-11-02,2025-11-05,3
1373916379.1762067984,4,11,2025-11-02,2025-11-05,3
993311475.1762099810,4,11,2025-11-02,2025-11-05,3
679458879.1761961574,4,11,2025-11-02,2025-11-05,3
1395094000.1762202947,4,11,2025-11-03,2025-11-06,3
1860619043.1736213735,4,11,2025-11-03,2025-11-06,3
130222033.1761078313,4,10,2025-11-02,2025-11-05,3
1297357311.1762102565,4,9,2025-11-02,2025-11-06,4
205539951.1762151248,4,9,2025-11-02,2025-11-05,3
279757372.1762071892,4,9,2025-11-02,2025-11-05,3
1390082818.1761819789,4,8,2025-11-02,2025-11-06,4
1076680845.1762130969,4,8,2025-11-02,2025-11-05,3
980943287.1761618454,4,7,2025-11-02,2025-11-06,4
1671492761.1761164262,4,7,2025-11-02,2025-11-05,3
1552562588.1761633085,4,7,2025-11-03,2025-11-06,3
898301373.1762123176,4,7,2025-11-02,2025-11-06,4
953417136.1761931770,4,7,2025-11-02,2025-11-06,4
914305693.1757215438,4,6,2025-11-02,2025-11-05,3
1561471720.1762017819,4,6,2025-11-03,2025-11-06,3
1122905844.1760920273,4,6,2025-11-02,2025-11-05,3
949268873.1762065882,4,6,2025-11-02,2025-11-06,4
1511752729.1762117189,4,6,2025-11-02,2025-11-06,4
119317219.1762132924,4,6,2025-11-02,2025-11-06,4
88255166.1755221860,4,5,2025-11-02,2025-11-06,4
1148290834.1762137592,4,5,2025-11-02,2025-11-05,3
666252531.1761699678,4,4,2025-11-02,2025-11-05,3
1495459996.1762191802,4,4,2025-11-03,2025-11-06,3
1776708771.1762138522,4,4,2025-11-02,2025-11-06,4
713194348.1761484389,4,4,2025-11-02,2025-11-06,4
2103800978.1762286074,3,18,2025-11-04,2025-11-06,2
944091976.1761870709,3,14,2025-11-02,2025-11-05,3
1000774339.1760414153,3,10,2025-11-02,2025-11-06,4
646488715.1762208659,3,10,2025-11-03,2025-11-05,2
2037151109.1762201371,3,10,2025-11-03,2025-11-05,2
376198988.1762278616,3,10,2025-11-04,2025-11-06,2
551047741.1761905472,3,10,2025-11-02,2025-11-04,2
1057877658.1761706858,3,9,2025-11-03,2025-11-05,2
485066531.1762236583,3,9,2025-11-03,2025-11-05,2
1141521932.1761060683,3,8,2025-11-03,2025-11-06,3
766552946.1762202550,3,8,2025-11-03,2025-11-05,2
36426384.1762134587,3,8,2025-11-02,2025-11-05,3
666781537.1760041205,3,8,2025-11-02,2025-11-06,4
2120916331.1759925439,3,8,2025-11-03,2025-11-05,2
1235272698.1762114470,3,8,2025-11-02,2025-11-05,3
204173330.1762236581,3,8,2025-11-03,2025-11-06,3
651583010.1761610777,3,8,2025-11-02,2025-11-04,2
1840756023.1762301021,3,7,2025-11-04,2025-11-06,2
698152768.1762256922,3,7,2025-11-04,2025-11-06,2
2147478505.1762223617,3,7,2025-11-03,2025-11-05,2
1844818741.1762174389,3,7,2025-11-03,2025-11-06,3
786586833.1762097109,3,7,2025-11-02,2025-11-06,4
1909383660.1761706449,3,7,2025-11-02,2025-11-04,2
373667234.1759163344,3,7,2025-11-02,2025-11-04,2
1345842891.1744934651,3,7,2025-11-02,2025-11-04,2
2053062714.1762051825,3,7,2025-11-02,2025-11-04,2
1829207377.1762108726,3,7,2025-11-02,2025-11-04,2
1294860479.1761516350,3,7,2025-11-02,2025-11-04,2
889595736.1758574127,3,6,2025-11-04,2025-11-06,2
1996623730.1760005556,3,6,2025-11-04,2025-11-06,2
165251350.1761065632,3,6,2025-11-02,2025-11-05,3
752581554.1762302147,3,6,2025-11-04,2025-11-06,2
1926255951.1762055417,3,6,2025-11-02,2025-11-05,3
2004335909.1762218502,3,6,2025-11-03,2025-11-05,2
305367539.1761135774,3,6,2025-11-04,2025-11-06,2
104393959.1762211526,3,6,2025-11-03,2025-11-06,3
1020560882.1760989769,3,6,2025-11-02,2025-11-04,2
1050054144.1761530558,3,6,2025-11-02,2025-11-04,2
533239225.1761907964,3,6,2025-11-02,2025-11-04,2
117709386.1762175485,3,5,2025-11-03,2025-11-06,3
930807086.1761010589,3,5,2025-11-02,2025-11-06,4
639997146.1761959060,3,5,2025-11-02,2025-11-05,3
284610683.1761275759,3,5,2025-11-02,2025-11-05,3
807019114.1761000454,3,5,2025-11-02,2025-11-06,4
1977022295.1762294560,3,5,2025-11-04,2025-11-06,2
1229676218.1762053310,3,5,2025-11-02,2025-11-06,4
1871156379.1742600956,3,5,2025-11-02,2025-11-05,3
2020750407.1756062342,3,5,2025-11-02,2025-11-06,4
2050054232.1760832354,3,5,2025-11-04,2025-11-06,2
315746511.1762308979,3,5,2025-11-04,2025-11-06,2
1403227.1762201519,3,5,2025-11-03,2025-11-05,2
803412122.1762199806,3,5,2025-11-03,2025-11-05,2
1851463777.1761762910,3,5,2025-11-02,2025-11-05,3
1248778130.1762216525,3,5,2025-11-03,2025-11-05,2
348770430.1759707594,3,5,2025-11-03,2025-11-05,2
334757329.1761691357,3,5,2025-11-02,2025-11-06,4
855488686.1762115642,3,5,2025-11-02,2025-11-04,2
249563959.1762132372,3,5,2025-11-02,2025-11-04,2
911030084.1761050750,3,5,2025-11-02,2025-11-04,2
1612786950.1759588404,3,4,2025-11-02,2025-11-06,4
766133798.1762282425,3,4,2025-11-04,2025-11-06,2
1394686185.1762304705,3,4,2025-11-04,2025-11-06,2
1320663596.1762304698,3,4,2025-11-04,2025-11-06,2
1131876091.1761773022,3,4,2025-11-02,2025-11-05,3
1145006388.1761879357,3,4,2025-11-02,2025-11-05,3
700978082.1757895926,3,4,2025-11-02,2025-11-05,3
1725244418.1762016883,3,4,2025-11-02,2025-11-05,3
1268126936.1762100360,3,4,2025-11-02,2025-11-05,3
501372271.1762260790,3,4,2025-11-04,2025-11-06,2
767193934.1762293686,3,4,2025-11-04,2025-11-06,2
1498628738.1762233430,3,4,2025-11-03,2025-11-05,2
1385260844.1758691512,3,4,2025-11-03,2025-11-05,2
139600194.1762125620,3,4,2025-11-02,2025-11-05,3
40478883.1756756913,3,4,2025-11-02,2025-11-05,3
1449342821.1758672854,3,4,2025-11-04,2025-11-06,2
1201264903.1727791157,3,4,2025-11-02,2025-11-05,3
1382851877.1762119388,3,4,2025-11-02,2025-11-06,4
386559709.1762105999,3,4,2025-11-02,2025-11-06,4
64010078.1762227921,3,4,2025-11-03,2025-11-06,3
1577053242.1762194024,3,4,2025-11-03,2025-11-06,3
758719543.1762112125,3,4,2025-11-02,2025-11-06,4
1144392634.1762102468,3,4,2025-11-02,2025-11-04,2
384093491.1762111825,3,4,2025-11-02,2025-11-04,2
1923109437.1762093570,3,4,2025-11-02,2025-11-04,2
1394906020.1760220851,3,4,2025-11-02,2025-11-04,2
366407565.1762122474,3,4,2025-11-02,2025-11-04,2
38138748.1762087172,3,3,2025-11-02,2025-11-06,4
1777168441.1762173590,3,3,2025-11-03,2025-11-06,3
857167754.1755972184,3,3,2025-11-02,2025-11-06,4
682841220.1762223098,3,3,2025-11-03,2025-11-06,3
1858865183.1762114771,3,3,2025-11-02,2025-11-06,4
892491695.1762234759,3,3,2025-11-03,2025-11-06,3
871619497.1762271766,3,3,2025-11-04,2025-11-06,2
1868273259.1762289581,3,3,2025-11-04,2025-11-06,2
448475146.1750910968,3,3,2025-11-04,2025-11-06,2
1816807792.1762122746,3,3,2025-11-02,2025-11-05,3
974631744.1761736133,3,3,2025-11-02,2025-11-05,3
1782769848.1739758619,3,3,2025-11-02,2025-11-05,3
1860975247.1762232583,3,3,2025-11-03,2025-11-05,2
1312960872.1761617645,3,3,2025-11-02,2025-11-05,3
449569470.1760542112,3,3,2025-11-03,2025-11-06,3
986703083.1762231027,3,3,2025-11-03,2025-11-05,2
1824689577.1762120613,3,3,2025-11-02,2025-11-05,3
405597851.1762149714,3,3,2025-11-02,2025-11-05,3
757950038.1762221810,3,3,2025-11-03,2025-11-05,2
158524301.1762233783,3,3,2025-11-03,2025-11-05,2
1041506372.1762163570,3,3,2025-11-03,2025-11-05,2
411903067.1762138285,3,3,2025-11-02,2025-11-06,4
348976075.1756556982,3,3,2025-11-02,2025-11-06,4
2106527410.1762117038,3,3,2025-11-02,2025-11-06,4
522101572.1758306712,3,3,2025-11-03,2025-11-06,3
1157812494.1762080918,3,3,2025-11-02,2025-11-06,4
1612404867.1762219094,3,3,2025-11-03,2025-11-06,3
1928591593.1756877155,3,3,2025-11-02,2025-11-06,4
260950951.1762223436,3,3,2025-11-03,2025-11-06,3
276882566.1762207528,3,3,2025-11-03,2025-11-06,3
220242414.1762118124,3,3,2025-11-02,2025-11-06,4
630460537.1761735275,3,3,2025-11-02,2025-11-06,4
189732519.1762231607,3,3,2025-11-03,2025-11-06,3
268687152.1761783852,3,3,2025-11-02,2025-11-06,4
569585625.1754753477,3,3,2025-11-03,2025-11-06,3
417819062.1761653984,3,3,2025-11-02,2025-11-04,2
1041201313.1762129414,3,3,2025-11-02,2025-11-06,4
1503370780.1761796398,3,3,2025-11-02,2025-11-04,2
1103471585.1762088302,3,3,2025-11-02,2025-11-04,2
721311952.1762116615,3,3,2025-11-02,2025-11-04,2
1602321426.1735483145,3,3,2025-11-02,2025-11-04,2
290409445.1762119598,3,3,2025-11-02,2025-11-04,2
1906313692.1762071104,3,3,2025-11-02,2025-11-04,2
750140869.1762133048,3,3,2025-11-02,2025-11-04,2
1868363867.1761348416,3,3,2025-11-02,2025-11-04,2
707214253.1761579056,3,3,2025-11-02,2025-11-04,2
750604221.1762373363,2,12,2025-11-05,2025-11-06,1
921257395.1762339556,2,9,2025-11-05,2025-11-06,1
1349179293.1762315244,2,8,2025-11-04,2025-11-05,1
572035567.1762084976,2,8,2025-11-02,2025-11-03,1
1572815255.1762309879,2,7,2025-11-04,2025-11-06,2
2074571137.1760730460,2,7,2025-11-04,2025-11-05,1
753104292.1762286632,2,7,2025-11-04,2025-11-06,2
443231826.1762186827,2,7,2025-11-03,2025-11-04,1
48797361.1762122734,2,7,2025-11-02,2025-11-03,1
2021363320.1762105305,2,7,2025-11-02,2025-11-03,1
1436682980.1762414961,2,6,2025-11-05,2025-11-06,1
1529290597.1762262844,2,6,2025-11-04,2025-11-05,1
164511870.1762363023,2,6,2025-11-05,2025-11-06,1
645333921.1761615152,2,6,2025-11-04,2025-11-05,1
460458042.1762225466,2,6,2025-11-04,2025-11-05,1
285983.1762016119,2,6,2025-11-02,2025-11-06,4
1362539932.1762214035,2,6,2025-11-03,2025-11-04,1
762309447.1762222417,2,6,2025-11-03,2025-11-04,1
386271200.1762182124,2,6,2025-11-03,2025-11-04,1
1601129709.1762195854,2,6,2025-11-03,2025-11-04,1
293710605.1753306383,2,6,2025-11-02,2025-11-03,1
436723575.1761961002,2,6,2025-11-02,2025-11-03,1
1356073084.1762376087,2,5,2025-11-05,2025-11-06,1
650118547.1762366693,2,5,2025-11-05,2025-11-06,1
9108389.1762272557,2,5,2025-11-04,2025-11-05,1
1606228308.1762393096,2,5,2025-11-05,2025-11-06,1
1374891041.1762295209,2,5,2025-11-04,2025-11-05,1
771567397.1762317741,2,5,2025-11-04,2025-11-05,1
1950669766.1762370773,2,5,2025-11-05,2025-11-06,1
2139687913.1756995506,2,5,2025-11-02,2025-11-06,4
515299173.1762197674,2,5,2025-11-03,2025-11-04,1
2936549.1762123850,2,5,2025-11-02,2025-11-04,2
118430759.1758748057,2,5,2025-11-03,2025-11-04,1
61923161.1752804246,2,5,2025-11-02,2025-11-04,2
1813485212.1762158918,2,5,2025-11-03,2025-11-04,1
235466977.1762230451,2,5,2025-11-03,2025-11-04,1
1340458709.1762210377,2,5,2025-11-03,2025-11-04,1
75900106.1762241634,2,5,2025-11-03,2025-11-04,1
1498753466.1761430271,2,5,2025-11-02,2025-11-03,1
1917330911.1762109465,2,5,2025-11-02,2025-11-03,1
1684499797.1761224077,2,5,2025-11-02,2025-11-03,1
881164842.1762127662,2,5,2025-11-02,2025-11-03,1
1707740910.1761790702,2,5,2025-11-02,2025-11-03,1
1176838402.1762143542,2,5,2025-11-02,2025-11-03,1
775389282.1762112401,2,5,2025-11-02,2025-11-03,1
1593820955.1762118740,2,5,2025-11-02,2025-11-03,1
2057196417.1762256096,2,4,2025-11-04,2025-11-06,2
1369204967.1759455777,2,4,2025-11-05,2025-11-06,1
317849537.1762372296,2,4,2025-11-05,2025-11-06,1
587833123.1762358469,2,4,2025-11-05,2025-11-06,1
1223455090.1762414149,2,4,2025-11-05,2025-11-06,1
1331005616.1759117271,2,4,2025-11-04,2025-11-05,1
1345097604.1762311926,2,4,2025-11-04,2025-11-05,1
958409931.1762392021,2,4,2025-11-05,2025-11-06,1
802328101.1762377946,2,4,2025-11-05,2025-11-06,1
56487058.1762316598,2,4,2025-11-04,2025-11-05,1
1822951438.1762368058,2,4,2025-11-05,2025-11-06,1
919316647.1761864797,2,4,2025-11-04,2025-11-05,1
546339800.1760760287,2,4,2025-11-05,2025-11-06,1
1140890865.1752510580,2,4,2025-11-04,2025-11-05,1
687658372.1762398477,2,4,2025-11-05,2025-11-06,1
389669080.1762284962,2,4,2025-11-04,2025-11-05,1
1411100853.1762053197,2,4,2025-11-04,2025-11-05,1
824027329.1759072454,2,4,2025-11-03,2025-11-06,3
736704408.1762132945,2,4,2025-11-02,2025-11-06,4
1327294273.1762228729,2,4,2025-11-03,2025-11-06,3
500091568.1762194165,2,4,2025-11-03,2025-11-06,3
1101658386.1761423567,2,4,2025-11-04,2025-11-06,2
1162171599.1760929783,2,4,2025-11-03,2025-11-06,3
431898759.1762108399,2,4,2025-11-02,2025-11-06,4
110612441.1762292936,2,4,2025-11-04,2025-11-06,2
914007195.1760581308,2,4,2025-11-02,2025-11-06,4
2004070598.1762211409,2,4,2025-11-03,2025-11-04,1
1180610922.1762202169,2,4,2025-11-03,2025-11-04,1
1976850657.1762206179,2,4,2025-11-03,2025-11-04,1
1381314124.1762201668,2,4,2025-11-03,2025-11-04,1
847929233.1761685710,2,4,2025-11-03,2025-11-04,1
16636051.1760463323,2,4,2025-11-03,2025-11-04,1
1015389088.1762190080,2,4,2025-11-03,2025-11-04,1
325471967.1760459767,2,4,2025-11-03,2025-11-04,1
353038226.1762224376,2,4,2025-11-03,2025-11-04,1
1672280756.1743041401,2,4,2025-11-03,2025-11-04,1
1483116253.1759037873,2,4,2025-11-02,2025-11-04,2
1425950077.1762181691,2,4,2025-11-03,2025-11-04,1
325345080.1755535188,2,4,2025-11-02,2025-11-04,2
922777296.1754842164,2,4,2025-11-03,2025-11-04,1
1807086499.1762233443,2,4,2025-11-03,2025-11-04,1
692443748.1762052434,2,4,2025-11-02,2025-11-04,2
2014106328.1762046377,2,4,2025-11-02,2025-11-03,1
1370287740.1759539462,2,4,2025-11-02,2025-11-03,1
1155067118.1762106709,2,4,2025-11-02,2025-11-03,1
765982216.1762138405,2,4,2025-11-02,2025-11-03,1
840337661.1762068039,2,4,2025-11-02,2025-11-03,1
1943265059.1762132362,2,4,2025-11-02,2025-11-03,1
1737544923.1762042725,2,4,2025-11-02,2025-11-03,1
2089420515.1761848561,2,4,2025-11-02,2025-11-03,1
295397388.1762136722,2,4,2025-11-02,2025-11-03,1
626574125.1762110558,2,4,2025-11-02,2025-11-03,1
2124288301.1761094668,2,4,2025-11-02,2025-11-03,1
1116692840.1762155961,2,4,2025-11-02,2025-11-03,1
1261745851.1762110551,2,4,2025-11-02,2025-11-03,1
138716408.1761145346,2,4,2025-11-02,2025-11-03,1
1769742036.1761657556,2,4,2025-11-02,2025-11-03,1
207013112.1762201206,2,4,2025-11-03,2025-11-06,3
2118639780.1760529974,2,3,2025-11-03,2025-11-06,3
1063045532.1759183821,2,3,2025-11-05,2025-11-06,1
589828191.1734960246,2,3,2025-11-02,2025-11-06,4
494314463.1762282238,2,3,2025-11-04,2025-11-06,2
1002664202.1762392638,2,3,2025-11-05,2025-11-06,1
1426741688.1762384784,2,3,2025-11-05,2025-11-06,1
869123964.1762397116,2,3,2025-11-05,2025-11-06,1
1151619729.1762066212,2,3,2025-11-04,2025-11-05,1
1190625748.1762237367,2,3,2025-11-03,2025-11-05,2
1605849841.1762136048,2,3,2025-11-02,2025-11-05,3
771754520.1762306475,2,3,2025-11-04,2025-11-05,1
703267448.1762259138,2,3,2025-11-04,2025-11-05,1
1583307508.1762227590,2,3,2025-11-03,2025-11-05,2
1014433455.1757806356,2,3,2025-11-02,2025-11-05,3
402522483.1762380617,2,3,2025-11-05,2025-11-06,1
1535860404.1761244696,2,3,2025-11-03,2025-11-05,2
639970146.1762313848,2,3,2025-11-04,2025-11-05,1
271867859.1761790668,2,3,2025-11-04,2025-11-05,1
1180388162.1761694298,2,3,2025-11-04,2025-11-05,1
1521378245.1762109394,2,3,2025-11-02,2025-11-05,3
1565384837.1762265561,2,3,2025-11-04,2025-11-05,1
894364998.1762306211,2,3,2025-11-04,2025-11-05,1
904195482.1762395783,2,3,2025-11-05,2025-11-06,1
1267585792.1761409955,2,3,2025-11-04,2025-11-05,1
1609571430.1762311989,2,3,2025-11-04,2025-11-05,1
1025139200.1757365922,2,3,2025-11-04,2025-11-05,1
319354936.1761778092,2,3,2025-11-03,2025-11-05,2
1722031285.1762380512,2,3,2025-11-05,2025-11-06,1
511460689.1762284106,2,3,2025-11-04,2025-11-05,1
1054515370.1762280721,2,3,2025-11-04,2025-11-05,1
436012370.1761568234,2,3,2025-11-04,2025-11-05,1
941891729.1762281941,2,3,2025-11-04,2025-11-05,1
1440978759.1762258957,2,3,2025-11-04,2025-11-05,1
39468800.1762107252,2,3,2025-11-02,2025-11-05,3
1923883774.1760027882,2,3,2025-11-05,2025-11-06,1
932222620.1762353451,2,3,2025-11-05,2025-11-06,1
498556376.1762129588,2,3,2025-11-02,2025-11-05,3
1987448213.1762349372,2,3,2025-11-05,2025-11-06,1
1865006459.1762384802,2,3,2025-11-05,2025-11-06,1
1860113227.1762388751,2,3,2025-11-05,2025-11-06,1
717548036.1762384318,2,3,2025-11-05,2025-11-06,1
1154921894.1762362723,2,3,2025-11-05,2025-11-06,1
1896766742.1762368913,2,3,2025-11-05,2025-11-06,1
1720674312.1762403282,2,3,2025-11-05,2025-11-06,1
1353797608.1762203816,2,3,2025-11-03,2025-11-05,2
377807511.1762364437,2,3,2025-11-05,2025-11-06,1
1012939619.1761796608,2,3,2025-11-04,2025-11-05,1
2061479096.1762185690,2,3,2025-11-03,2025-11-05,2
1855306294.1762177573,2,3,2025-11-03,2025-11-05,2
2117310262.1761267264,2,3,2025-11-04,2025-11-05,1
440819607.1762329025,2,3,2025-11-04,2025-11-05,1
2075701851.1762004711,2,3,2025-11-05,2025-11-06,1
135329905.1762246221,2,3,2025-11-04,2025-11-05,1
1248094867.1762319722,2,3,2025-11-04,2025-11-05,1
307165439.1738267198,2,3,2025-11-04,2025-11-05,1
54847011.1762311251,2,3,2025-11-04,2025-11-05,1
1819775788.1762022880,2,3,2025-11-04,2025-11-05,1
1946944937.1762375082,2,3,2025-11-05,2025-11-06,1
2032087493.1761794549,2,3,2025-11-04,2025-11-05,1
1518692239.1762311238,2,3,2025-11-04,2025-11-05,1
42205714.1762395778,2,3,2025-11-05,2025-11-06,1
1652689042.1760730381,2,3,2025-11-05,2025-11-06,1
872773717.1762176133,2,3,2025-11-03,2025-11-06,3
1489676155.1762295976,2,3,2025-11-04,2025-11-06,2
1137258255.1759169994,2,3,2025-11-02,2025-11-06,4
24814645.1761592851,2,3,2025-11-04,2025-11-06,2
1455809172.1760531652,2,3,2025-11-04,2025-11-06,2
1756221003.1762122186,2,3,2025-11-02,2025-11-06,4
1681056551.1762287456,2,3,2025-11-04,2025-11-06,2
2109315944.1762276713,2,3,2025-11-04,2025-11-06,2
218930917.1761703607,2,3,2025-11-04,2025-11-06,2
33172453.1753930258,2,3,2025-11-04,2025-11-06,2
253565368.1761933973,2,3,2025-11-03,2025-11-06,3
864926234.1761798401,2,3,2025-11-02,2025-11-06,4
1898960274.1762206347,2,3,2025-11-03,2025-11-06,3
277619640.1760581305,2,3,2025-11-02,2025-11-06,4
1861164762.1762090720,2,3,2025-11-02,2025-11-06,4
915871902.1762286769,2,3,2025-11-04,2025-11-06,2
754351460.1762175521,2,3,2025-11-03,2025-11-06,3
287464360.1759344819,2,3,2025-11-03,2025-11-06,3
515495120.1760228204,2,3,2025-11-04,2025-11-06,2
1643487370.1761331767,2,3,2025-11-04,2025-11-06,2
255062496.1757040485,2,3,2025-11-03,2025-11-04,1
664819615.1762234707,2,3,2025-11-03,2025-11-04,1
383348479.1761670710,2,3,2025-11-03,2025-11-04,1
190042506.1749528802,2,3,2025-11-02,2025-11-04,2
1709985371.1749336431,2,3,2025-11-02,2025-11-04,2
1136264584.1753874499,2,3,2025-11-02,2025-11-04,2
551137964.1762198418,2,3,2025-11-03,2025-11-04,1
993074721.1762211835,2,3,2025-11-03,2025-11-04,1
1713175624.1762206182,2,3,2025-11-03,2025-11-04,1
463719665.1762182117,2,3,2025-11-03,2025-11-04,1
1881317274.1762225026,2,3,2025-11-03,2025-11-04,1
621553247.1762224743,2,3,2025-11-03,2025-11-04,1
738346381.1762226774,2,3,2025-11-03,2025-11-04,1
230105790.1762211587,2,3,2025-11-03,2025-11-04,1
1198599094.1761605002,2,3,2025-11-03,2025-11-04,1
1656989221.1760723723,2,3,2025-11-02,2025-11-04,2
1523563677.1761249170,2,3,2025-11-03,2025-11-04,1
887424739.1762175441,2,3,2025-11-03,2025-11-04,1
733504389.1761882041,2,3,2025-11-03,2025-11-04,1
1517537529.1755854687,2,3,2025-11-02,2025-11-04,2
2055459934.1762138181,2,3,2025-11-02,2025-11-04,2
224716702.1762235942,2,3,2025-11-03,2025-11-04,1
616508045.1762117700,2,3,2025-11-02,2025-11-04,2
960994876.1762233485,2,3,2025-11-03,2025-11-04,1
514921177.1762094845,2,3,2025-11-02,2025-11-04,2
1107625040.1762093365,2,3,2025-11-02,2025-11-04,2
1064520226.1762205953,2,3,2025-11-03,2025-11-04,1
232139832.1762190991,2,3,2025-11-03,2025-11-04,1
1221992472.1762259026,2,3,2025-11-04,2025-11-06,2
305820833.1762238469,2,3,2025-11-03,2025-11-04,1
1983787619.1762186570,2,3,2025-11-03,2025-11-04,1
379477191.1757993522,2,3,2025-11-02,2025-11-04,2
229624544.1762239688,2,3,2025-11-03,2025-11-04,1
1108651387.1762190144,2,3,2025-11-03,2025-11-04,1
745550193.1762222080,2,3,2025-11-03,2025-11-04,1
1855658469.1756734834,2,3,2025-11-02,2025-11-04,2
1719455118.1757706732,2,3,2025-11-02,2025-11-04,2
1916516078.1762200668,2,3,2025-11-03,2025-11-04,1
1693202251.1761395735,2,3,2025-11-02,2025-11-04,2
1392421030.1762222649,2,3,2025-11-03,2025-11-04,1
626175414.1762148774,2,3,2025-11-02,2025-11-03,1
1659699577.1762058234,2,3,2025-11-02,2025-11-03,1
465379370.1761828272,2,3,2025-11-02,2025-11-03,1
1896655516.1762128405,2,3,2025-11-02,2025-11-03,1
1662286291.1761822576,2,3,2025-11-02,2025-11-03,1
446354614.1760467155,2,3,2025-11-02,2025-11-03,1
68684688.1762034736,2,3,2025-11-02,2025-11-03,1
1530503617.1760461904,2,3,2025-11-02,2025-11-03,1
1059001528.1760401808,2,3,2025-11-02,2025-11-03,1
2132137175.1762042270,2,3,2025-11-02,2025-11-03,1
612693164.1762102030,2,3,2025-11-02,2025-11-03,1
258846843.1757255518,2,3,2025-11-02,2025-11-03,1
1594320122.1762141624,2,3,2025-11-02,2025-11-03,1
697966870.1762116077,2,3,2025-11-02,2025-11-03,1
1586486586.1759350693,2,3,2025-11-02,2025-11-03,1
2010953081.1762149293,2,3,2025-11-02,2025-11-03,1
1453386865.1762125407,2,3,2025-11-02,2025-11-03,1
789319873.1762092269,2,3,2025-11-02,2025-11-03,1
1306387406.1762094182,2,3,2025-11-02,2025-11-03,1
1290021817.1761614724,2,3,2025-11-02,2025-11-03,1
277451705.1762046279,2,3,2025-11-02,2025-11-03,1
1140201914.1762123875,2,3,2025-11-02,2025-11-03,1
207791793.1762133638,2,3,2025-11-02,2025-11-03,1
254108490.1761752220,2,3,2025-11-02,2025-11-03,1
715329010.1758859410,2,3,2025-11-02,2025-11-03,1
1691713141.1762050377,2,3,2025-11-02,2025-11-03,1
1171709965.1762038537,2,3,2025-11-02,2025-11-03,1
877764819.1762116032,2,3,2025-11-02,2025-11-03,1
1002091272.1761504054,2,3,2025-11-02,2025-11-03,1
727121705.1762125535,2,3,2025-11-02,2025-11-03,1
578427779.1755082924,2,3,2025-11-02,2025-11-03,1
782127777.1761697060,2,3,2025-11-02,2025-11-03,1
300458025.1761759261,2,3,2025-11-03,2025-11-06,3
1103795704.1762256080,2,2,2025-11-04,2025-11-06,2
1446649076.1762197962,2,2,2025-11-03,2025-11-06,3
1832587484.1762268781,2,2,2025-11-04,2025-11-06,2
1107057779.1762369038,2,2,2025-11-05,2025-11-06,1
327982356.1762229902,2,2,2025-11-03,2025-11-06,3
589986416.1762341468,2,2,2025-11-05,2025-11-06,1
365315144.1756451317,2,2,2025-11-04,2025-11-06,2
1824907248.1761602191,2,2,2025-11-05,2025-11-06,1
488764821.1761856088,2,2,2025-11-03,2025-11-06,3
586545497.1762337040,2,2,2025-11-05,2025-11-06,1
1688788792.1762404917,2,2,2025-11-05,2025-11-06,1
1035667685.1760001430,2,2,2025-11-02,2025-11-06,4
1542392569.1762362902,2,2,2025-11-05,2025-11-06,1
1737461484.1762288815,2,2,2025-11-04,2025-11-06,2
1358539266.1762204362,2,2,2025-11-03,2025-11-06,3
1897848556.1762183236,2,2,2025-11-03,2025-11-06,3
1585127441.1762390201,2,2,2025-11-05,2025-11-06,1
55968007.1762378301,2,2,2025-11-05,2025-11-06,1
1370287185.1762163218,2,2,2025-11-03,2025-11-06,3
1090308424.1762400588,2,2,2025-11-05,2025-11-06,1
835986274.1762090644,2,2,2025-11-02,2025-11-06,4
1308174850.1762088651,2,2,2025-11-02,2025-11-06,4
1664521499.1761442062,2,2,2025-11-04,2025-11-06,2
79657898.1755196269,2,2,2025-11-05,2025-11-06,1
39864277.1762193819,2,2,2025-11-03,2025-11-06,3
1336197812.1762401123,2,2,2025-11-05,2025-11-06,1
647436796.1762406464,2,2,2025-11-05,2025-11-06,1
46327355.1762313668,2,2,2025-11-04,2025-11-05,1
368773702.1760928413,2,2,2025-11-04,2025-11-05,1
2005141539.1761772937,2,2,2025-11-03,2025-11-05,2
76865673.1762307332,2,2,2025-11-04,2025-11-05,1
216379996.1762228096,2,2,2025-11-03,2025-11-05,2
1570600143.1762392791,2,2,2025-11-05,2025-11-06,1
652849767.1762305041,2,2,2025-11-04,2025-11-05,1
13666829.1762322207,2,2,2025-11-04,2025-11-05,1
2102253939.1762110285,2,2,2025-11-02,2025-11-05,3
292231282.1762273373,2,2,2025-11-04,2025-11-05,1
986453388.1762311718,2,2,2025-11-04,2025-11-05,1
1485410445.1762298673,2,2,2025-11-04,2025-11-05,1
2112123492.1762396078,2,2,2025-11-05,2025-11-06,1
1111225023.1762310845,2,2,2025-11-04,2025-11-05,1
364701883.1762356574,2,2,2025-11-05,2025-11-06,1
1937525715.1762280411,2,2,2025-11-04,2025-11-05,1
234040254.1762414918,2,2,2025-11-05,2025-11-06,1
906258472.1762415483,2,2,2025-11-05,2025-11-06,1
416125222.1762407966,2,2,2025-11-05,2025-11-06,1
1946239898.1762302296,2,2,2025-11-04,2025-11-05,1
556386603.1762186072,2,2,2025-11-03,2025-11-05,2
1345851108.1762396987,2,2,2025-11-05,2025-11-06,1
149050222.1762260535,2,2,2025-11-04,2025-11-05,1
1210905135.1761780012,2,2,2025-11-03,2025-11-05,2
777911176.1762354578,2,2,2025-11-05,2025-11-06,1
680232033.1762290082,2,2,2025-11-04,2025-11-05,1
1058298551.1762324158,2,2,2025-11-04,2025-11-05,1
1162772572.1762321539,2,2,2025-11-04,2025-11-05,1
1436910096.1762285215,2,2,2025-11-04,2025-11-05,1
104180754.1762141921,2,2,2025-11-02,2025-11-05,3
773335546.1762295515,2,2,2025-11-04,2025-11-05,1
1555042046.1762294551,2,2,2025-11-04,2025-11-05,1
1698339999.1762218600,2,2,2025-11-03,2025-11-05,2
739531327.1762307388,2,2,2025-11-04,2025-11-05,1
870748187.1762085214,2,2,2025-11-02,2025-11-05,3
1691184689.1762329158,2,2,2025-11-04,2025-11-05,1
1222260840.1762218690,2,2,2025-11-03,2025-11-05,2
1716585616.1762102837,2,2,2025-11-02,2025-11-05,3
1791307273.1762290708,2,2,2025-11-04,2025-11-05,1
1089189864.1761834195,2,2,2025-11-05,2025-11-06,1
1711324962.1762317682,2,2,2025-11-04,2025-11-05,1
271013673.1762306936,2,2,2025-11-04,2025-11-05,1
393378773.1762176457,2,2,2025-11-03,2025-11-05,2
643778694.1762398904,2,2,2025-11-05,2025-11-06,1
277610641.1762358726,2,2,2025-11-05,2025-11-06,1
1194949473.1761677311,2,2,2025-11-04,2025-11-05,1
1513304552.1762313995,2,2,2025-11-04,2025-11-05,1
182592795.1762309199,2,2,2025-11-04,2025-11-05,1
1805018655.1761871569,2,2,2025-11-05,2025-11-06,1
1288791160.1761406565,2,2,2025-11-04,2025-11-05,1
1707464854.1761706918,2,2,2025-11-02,2025-11-05,3
863757443.1762403068,2,2,2025-11-05,2025-11-06,1
1608362258.1762313578,2,2,2025-11-04,2025-11-05,1
66071514.1762324407,2,2,2025-11-04,2025-11-05,1
1794661271.1762231982,2,2,2025-11-03,2025-11-05,2
711994493.1762357049,2,2,2025-11-05,2025-11-06,1
692163337.1762144028,2,2,2025-11-02,2025-11-05,3
50701370.1762252176,2,2,2025-11-04,2025-11-05,1
1460299831.1762298003,2,2,2025-11-04,2025-11-05,1
860389971.1762276401,2,2,2025-11-04,2025-11-05,1
1094457152.1757869043,2,2,2025-11-04,2025-11-05,1
1659250805.1753916029,2,2,2025-11-02,2025-11-05,3
1739399356.1762393123,2,2,2025-11-05,2025-11-06,1
30430497.1762098292,2,2,2025-11-02,2025-11-05,3
799821329.1762074102,2,2,2025-11-02,2025-11-05,3
1341365911.1762308886,2,2,2025-11-04,2025-11-05,1
2094512100.1762286821,2,2,2025-11-04,2025-11-05,1
1362753560.1762305396,2,2,2025-11-04,2025-11-05,1
1028775547.1762306318,2,2,2025-11-04,2025-11-05,1
2052259950.1762398520,2,2,2025-11-05,2025-11-06,1
1108291099.1762290466,2,2,2025-11-04,2025-11-05,1
579600173.1762360665,2,2,2025-11-05,2025-11-06,1
1096299566.1761605146,2,2,2025-11-04,2025-11-05,1
346611471.1762291655,2,2,2025-11-04,2025-11-05,1
1463794107.1762394708,2,2,2025-11-05,2025-11-06,1
188420103.1762282565,2,2,2025-11-04,2025-11-05,1
1962242424.1761333928,2,2,2025-11-03,2025-11-05,2
1802181570.1762266114,2,2,2025-11-04,2025-11-05,1
770753007.1762314284,2,2,2025-11-04,2025-11-05,1
580388023.1762306842,2,2,2025-11-04,2025-11-05,1
1042303760.1762385740,2,2,2025-11-05,2025-11-06,1
30094472.1761120322,2,2,2025-11-05,2025-11-06,1
2085290440.1762049389,2,2,2025-11-03,2025-11-05,2
405622539.1761670648,2,2,2025-11-03,2025-11-05,2
1035015916.1762230440,2,2,2025-11-03,2025-11-05,2
1612351626.1762306389,2,2,2025-11-04,2025-11-05,1
1923216120.1762378159,2,2,2025-11-05,2025-11-06,1
1594671507.1761333266,2,2,2025-11-04,2025-11-05,1
430172743.1761850532,2,2,2025-11-04,2025-11-05,1
1597039765.1762123612,2,2,2025-11-02,2025-11-05,3
1762644146.1762363637,2,2,2025-11-05,2025-11-06,1
1108373197.1762084197,2,2,2025-11-02,2025-11-05,3
617756192.1762267374,2,2,2025-11-04,2025-11-05,1
349218805.1762270765,2,2,2025-11-04,2025-11-05,1
1931808308.1762318449,2,2,2025-11-04,2025-11-05,1
1758312799.1762393600,2,2,2025-11-05,2025-11-06,1
1217377207.1762327415,2,2,2025-11-04,2025-11-05,1
1505081242.1762235780,2,2,2025-11-03,2025-11-05,2
1498657834.1762175531,2,2,2025-11-03,2025-11-05,2
1755806663.1761657486,2,2,2025-11-05,2025-11-06,1
580236684.1761071712,2,2,2025-11-05,2025-11-06,1
2028822375.1762398261,2,2,2025-11-05,2025-11-06,1
1547652648.1762379497,2,2,2025-11-05,2025-11-06,1
1087662185.1762313517,2,2,2025-11-04,2025-11-05,1
757463237.1761039571,2,2,2025-11-04,2025-11-05,1
1568526929.1762302856,2,2,2025-11-04,2025-11-05,1
864802010.1761796690,2,2,2025-11-04,2025-11-05,1
1628185025.1760137694,2,2,2025-11-04,2025-11-05,1
704276667.1761322763,2,2,2025-11-04,2025-11-05,1
1052675030.1761307772,2,2,2025-11-03,2025-11-05,2
295139781.1761621426,2,2,2025-11-04,2025-11-05,1
1349116773.1762265374,2,2,2025-11-04,2025-11-05,1
603035568.1762322694,2,2,2025-11-04,2025-11-05,1
1532900425.1762293642,2,2,2025-11-04,2025-11-05,1
1452879850.1762103098,2,2,2025-11-02,2025-11-05,3
133996375.1762084137,2,2,2025-11-02,2025-11-05,3
296400483.1759805227,2,2,2025-11-04,2025-11-05,1
771239126.1760965198,2,2,2025-11-05,2025-11-06,1
923824949.1762302633,2,2,2025-11-04,2025-11-05,1
1914357374.1762371860,2,2,2025-11-05,2025-11-06,1
423454741.1762127237,2,2,2025-11-02,2025-11-05,3
180600088.1762386839,2,2,2025-11-05,2025-11-06,1
627294099.1762264118,2,2,2025-11-04,2025-11-05,1
1020562581.1761861793,2,2,2025-11-04,2025-11-05,1
872274759.1762318900,2,2,2025-11-04,2025-11-05,1
964909044.1761613781,2,2,2025-11-04,2025-11-05,1
1870324857.1756431429,2,2,2025-11-05,2025-11-06,1
2051999645.1762273550,2,2,2025-11-04,2025-11-05,1
1302413827.1762187592,2,2,2025-11-03,2025-11-05,2
1618476799.1762232744,2,2,2025-11-03,2025-11-05,2
1373507618.1762224788,2,2,2025-11-03,2025-11-05,2
1484354564.1762123204,2,2,2025-11-02,2025-11-05,3
1334815074.1762288672,2,2,2025-11-04,2025-11-05,1
2063514118.1762151289,2,2,2025-11-02,2025-11-05,3
192323181.1762116095,2,2,2025-11-02,2025-11-05,3
942140348.1762382941,2,2,2025-11-05,2025-11-06,1
1293579037.1759175150,2,2,2025-11-04,2025-11-05,1
1401256448.1762308754,2,2,2025-11-04,2025-11-05,1
327526589.1762387568,2,2,2025-11-05,2025-11-06,1
207042909.1762215976,2,2,2025-11-03,2025-11-05,2
1847461299.1761783952,2,2,2025-11-04,2025-11-05,1
245155717.1728415379,2,2,2025-11-02,2025-11-05,3
2039974134.1762408851,2,2,2025-11-05,2025-11-06,1
2067278347.1762112982,2,2,2025-11-02,2025-11-05,3
753158568.1762283627,2,2,2025-11-04,2025-11-05,1
857011122.1762277090,2,2,2025-11-04,2025-11-05,1
1160476123.1762310982,2,2,2025-11-04,2025-11-05,1
2085564972.1761373087,2,2,2025-11-02,2025-11-05,3
1645604203.1762200619,2,2,2025-11-03,2025-11-05,2
1532912043.1762288966,2,2,2025-11-04,2025-11-05,1
1875094821.1762283426,2,2,2025-11-04,2025-11-05,1
2077411666.1762411849,2,2,2025-11-05,2025-11-06,1
294475994.1762316673,2,2,2025-11-04,2025-11-05,1
887561964.1762307664,2,2,2025-11-04,2025-11-05,1
1545106192.1762302599,2,2,2025-11-04,2025-11-05,1
1865901014.1762218739,2,2,2025-11-03,2025-11-05,2
1032711420.1762308190,2,2,2025-11-04,2025-11-05,1
869928092.1762017790,2,2,2025-11-03,2025-11-05,2
342158814.1762275205,2,2,2025-11-04,2025-11-05,1
1634041812.1762317195,2,2,2025-11-04,2025-11-05,1
692705477.1762307669,2,2,2025-11-04,2025-11-05,1
1484634106.1762233724,2,2,2025-11-03,2025-11-05,2
1473410669.1762210462,2,2,2025-11-03,2025-11-06,3
70659449.1762280082,2,2,2025-11-04,2025-11-06,2
1170620065.1762135509,2,2,2025-11-02,2025-11-06,4
243179244.1761912901,2,2,2025-11-02,2025-11-06,4
992441300.1760535386,2,2,2025-11-03,2025-11-06,3
1783073918.1762315819,2,2,2025-11-04,2025-11-06,2
1055170072.1762178781,2,2,2025-11-03,2025-11-06,3
414142202.1762227138,2,2,2025-11-03,2025-11-06,3
1756456822.1757256880,2,2,2025-11-02,2025-11-06,4
141015224.1762068881,2,2,2025-11-02,2025-11-06,4
465009792.1762096172,2,2,2025-11-02,2025-11-06,4
2090222714.1762078070,2,2,2025-11-02,2025-11-06,4
495987723.1758292076,2,2,2025-11-03,2025-11-06,3
325647515.1760700523,2,2,2025-11-02,2025-11-06,4
1527288268.1762135818,2,2,2025-11-02,2025-11-06,4
1801915028.1758382525,2,2,2025-11-02,2025-11-06,4
2064041899.1762051882,2,2,2025-11-04,2025-11-06,2
1147234273.1762046972,2,2,2025-11-04,2025-11-06,2
1225567799.1762086848,2,2,2025-11-02,2025-11-06,4
1358122797.1762261256,2,2,2025-11-04,2025-11-06,2
1254279026.1762183199,2,2,2025-11-03,2025-11-06,3
804203870.1762192028,2,2,2025-11-03,2025-11-06,3
1184611036.1743301590,2,2,2025-11-03,2025-11-06,3
793238509.1762119685,2,2,2025-11-02,2025-11-06,4
1537556737.1762055137,2,2,2025-11-02,2025-11-06,4
1026501179.1758264877,2,2,2025-11-02,2025-11-06,4
1747207349.1762138078,2,2,2025-11-02,2025-11-06,4
222288164.1762216919,2,2,2025-11-03,2025-11-06,3
1508169781.1762279251,2,2,2025-11-04,2025-11-06,2
1860604264.1737025923,2,2,2025-11-04,2025-11-06,2
1717442299.1762279334,2,2,2025-11-04,2025-11-06,2
478214469.1759967908,2,2,2025-11-03,2025-11-06,3
1251419913.1759158025,2,2,2025-11-03,2025-11-06,3
470120622.1762309941,2,2,2025-11-04,2025-11-06,2
2131198200.1762120348,2,2,2025-11-02,2025-11-06,4
2071083483.1761704205,2,2,2025-11-04,2025-11-06,2
9329323.1762244729,2,2,2025-11-04,2025-11-06,2
757021130.1762294570,2,2,2025-11-04,2025-11-06,2
988128129.1760746718,2,2,2025-11-04,2025-11-06,2
1764092542.1760889780,2,2,2025-11-04,2025-11-06,2
2113169916.1762271376,2,2,2025-11-04,2025-11-06,2
1405539914.1762225351,2,2,2025-11-03,2025-11-06,3
1068721245.1762309245,2,2,2025-11-04,2025-11-06,2
1709201221.1762302076,2,2,2025-11-04,2025-11-06,2
1884362609.1762262465,2,2,2025-11-04,2025-11-06,2
729270821.1762320659,2,2,2025-11-04,2025-11-06,2
384256687.1762089530,2,2,2025-11-02,2025-11-06,4
1686034116.1762127869,2,2,2025-11-02,2025-11-06,4
1331993385.1753568748,2,2,2025-11-02,2025-11-06,4
1250496616.1760929911,2,2,2025-11-03,2025-11-06,3
1130843046.1762083137,2,2,2025-11-02,2025-11-06,4
778265576.1762142351,2,2,2025-11-02,2025-11-06,4
553615833.1762322349,2,2,2025-11-04,2025-11-06,2
76385792.1753677196,2,2,2025-11-04,2025-11-06,2
404023513.1762141012,2,2,2025-11-02,2025-11-06,4
1430190106.1761078183,2,2,2025-11-02,2025-11-06,4
354994270.1744778842,2,2,2025-11-04,2025-11-06,2
8013209.1755644738,2,2,2025-11-02,2025-11-06,4
1362293538.1752627784,2,2,2025-11-02,2025-11-06,4
36882220.1754168749,2,2,2025-11-02,2025-11-06,4
377175689.1762167050,2,2,2025-11-03,2025-11-06,3
214543263.1762216730,2,2,2025-11-03,2025-11-06,3
878095673.1740950789,2,2,2025-11-02,2025-11-06,4
599501076.1762112036,2,2,2025-11-02,2025-11-06,4
343037803.1762069105,2,2,2025-11-02,2025-11-06,4
1435886140.1762293742,2,2,2025-11-04,2025-11-06,2
1719904238.1762089067,2,2,2025-11-02,2025-11-06,4
1252346481.1762264923,2,2,2025-11-04,2025-11-06,2
1945096132.1762106193,2,2,2025-11-02,2025-11-06,4
1645229809.1761082919,2,2,2025-11-03,2025-11-06,3
912194593.1762318588,2,2,2025-11-04,2025-11-06,2
1308204774.1762200387,2,2,2025-11-03,2025-11-06,3
1776985750.1762301739,2,2,2025-11-04,2025-11-06,2
930959295.1762141425,2,2,2025-11-02,2025-11-06,4
525517371.1762280615,2,2,2025-11-04,2025-11-06,2
1571148482.1762070773,2,2,2025-11-02,2025-11-06,4
2062454234.1762181118,2,2,2025-11-03,2025-11-06,3
1935192979.1761855416,2,2,2025-11-03,2025-11-06,3
1532730511.1762315571,2,2,2025-11-04,2025-11-06,2
44218420.1760647574,2,2,2025-11-02,2025-11-06,4
401206782.1762310044,2,2,2025-11-04,2025-11-06,2
422313298.1761595648,2,2,2025-11-02,2025-11-06,4
247736983.1753278953,2,2,2025-11-03,2025-11-06,3
1613777165.1761620924,2,2,2025-11-04,2025-11-06,2
75218041.1759536286,2,2,2025-11-02,2025-11-06,4
240740236.1758404224,2,2,2025-11-02,2025-11-06,4
1955166188.1761936227,2,2,2025-11-03,2025-11-06,3
386478405.1760007780,2,2,2025-11-03,2025-11-06,3
1828496937.1762136352,2,2,2025-11-02,2025-11-06,4
1274080099.1762321535,2,2,2025-11-04,2025-11-06,2
412694423.1762099355,2,2,2025-11-02,2025-11-06,4
351953392.1759160423,2,2,2025-11-03,2025-11-06,3
708372120.1757415881,2,2,2025-11-03,2025-11-06,3
235479316.1762200145,2,2,2025-11-03,2025-11-06,3
1556628554.1761628512,2,2,2025-11-04,2025-11-06,2
426345725.1755756910,2,2,2025-11-02,2025-11-06,4
1445296094.1760979503,2,2,2025-11-02,2025-11-06,4
1825788581.1761770068,2,2,2025-11-02,2025-11-06,4
492564832.1760636938,2,2,2025-11-04,2025-11-06,2
424271664.1762053432,2,2,2025-11-04,2025-11-06,2
829539207.1762144946,2,2,2025-11-02,2025-11-06,4
595548253.1761101485,2,2,2025-11-04,2025-11-06,2
546659040.1761440575,2,2,2025-11-02,2025-11-06,4
1115255642.1758912842,2,2,2025-11-04,2025-11-06,2
121561132.1762212385,2,2,2025-11-03,2025-11-06,3
1611692229.1762239993,2,2,2025-11-03,2025-11-06,3
788071054.1762132173,2,2,2025-11-02,2025-11-06,4
191287930.1760834124,2,2,2025-11-02,2025-11-06,4
427341540.1762303648,2,2,2025-11-04,2025-11-06,2
600525347.1757349152,2,2,2025-11-03,2025-11-06,3
1489783577.1762084822,2,2,2025-11-02,2025-11-06,4
2106798538.1762233432,2,2,2025-11-03,2025-11-04,1
362418603.1762227590,2,2,2025-11-03,2025-11-04,1
868443459.1761954060,2,2,2025-11-03,2025-11-04,1
2126951898.1762206195,2,2,2025-11-03,2025-11-04,1
2036008235.1762204298,2,2,2025-11-03,2025-11-04,1
705663219.1758401784,2,2,2025-11-02,2025-11-04,2
1256089400.1762219014,2,2,2025-11-03,2025-11-04,1
1442877127.1758027162,2,2,2025-11-03,2025-11-04,1
962319742.1762197602,2,2,2025-11-03,2025-11-04,1
628870756.1762240400,2,2,2025-11-03,2025-11-04,1
1416935554.1753092455,2,2,2025-11-03,2025-11-04,1
1184070676.1758675843,2,2,2025-11-02,2025-11-04,2
1086335305.1762208919,2,2,2025-11-03,2025-11-04,1
1916205773.1750467687,2,2,2025-11-03,2025-11-04,1
454938258.1762220879,2,2,2025-11-03,2025-11-04,1
373656916.1761566757,2,2,2025-11-02,2025-11-04,2
504078330.1762115903,2,2,2025-11-02,2025-11-04,2
1343107866.1758912715,2,2,2025-11-03,2025-11-04,1
635047037.1762175261,2,2,2025-11-03,2025-11-04,1
541596608.1762097680,2,2,2025-11-02,2025-11-04,2
985817963.1762212106,2,2,2025-11-03,2025-11-04,1
534781358.1762236361,2,2,2025-11-03,2025-11-04,1
548150230.1762185425,2,2,2025-11-03,2025-11-04,1
1535020777.1762242503,2,2,2025-11-03,2025-11-04,1
1448361199.1762218868,2,2,2025-11-03,2025-11-04,1
1715481437.1762229464,2,2,2025-11-03,2025-11-04,1
680568715.1762083672,2,2,2025-11-02,2025-11-04,2
1476615471.1761254065,2,2,2025-11-02,2025-11-04,2
2077005721.1762149603,2,2,2025-11-02,2025-11-04,2
1333746750.1762200800,2,2,2025-11-03,2025-11-04,1
405357509.1762162787,2,2,2025-11-03,2025-11-04,1
1059590127.1762187749,2,2,2025-11-03,2025-11-04,1
1733716833.1762215755,2,2,2025-11-03,2025-11-04,1
805147781.1762222471,2,2,2025-11-03,2025-11-04,1
1208737984.1762113818,2,2,2025-11-02,2025-11-04,2
1113580911.1760841789,2,2,2025-11-03,2025-11-04,1
202585309.1761713398,2,2,2025-11-03,2025-11-04,1
2100442896.1762209229,2,2,2025-11-03,2025-11-04,1
822070508.1762193197,2,2,2025-11-03,2025-11-04,1
1493948655.1761242318,2,2,2025-11-03,2025-11-04,1
927968735.1762232103,2,2,2025-11-03,2025-11-04,1
472688696.1762222018,2,2,2025-11-03,2025-11-04,1
1792293189.1762185470,2,2,2025-11-03,2025-11-04,1
1771955894.1761527651,2,2,2025-11-03,2025-11-04,1
1156523919.1762132880,2,2,2025-11-02,2025-11-04,2
1151342084.1759007364,2,2,2025-11-02,2025-11-04,2
999432674.1762223573,2,2,2025-11-03,2025-11-04,1
1248565054.1762239917,2,2,2025-11-03,2025-11-04,1
1176708684.1762233880,2,2,2025-11-03,2025-11-04,1
21480077.1762207763,2,2,2025-11-03,2025-11-04,1
1078437817.1761010712,2,2,2025-11-03,2025-11-04,1
1083119539.1754243866,2,2,2025-11-03,2025-11-04,1
280137532.1762223482,2,2,2025-11-03,2025-11-04,1
1361243818.1762203971,2,2,2025-11-03,2025-11-04,1
1432416616.1760845504,2,2,2025-11-03,2025-11-04,1
1593404606.1760559305,2,2,2025-11-02,2025-11-04,2
1133019593.1762133793,2,2,2025-11-02,2025-11-04,2
1789085611.1761768021,2,2,2025-11-03,2025-11-04,1
1277758350.1761581689,2,2,2025-11-02,2025-11-04,2
49295760.1760915972,2,2,2025-11-02,2025-11-04,2
1265062458.1762227831,2,2,2025-11-03,2025-11-04,1
632386009.1762060000,2,2,2025-11-02,2025-11-04,2
1805360191.1760619717,2,2,2025-11-02,2025-11-04,2
204482016.1762231635,2,2,2025-11-03,2025-11-04,1
494990865.1762195883,2,2,2025-11-03,2025-11-04,1
1451615480.1762220759,2,2,2025-11-03,2025-11-04,1
1014989696.1762199562,2,2,2025-11-03,2025-11-04,1
170885103.1762226423,2,2,2025-11-03,2025-11-04,1
874654733.1762128411,2,2,2025-11-02,2025-11-04,2
283936958.1762224737,2,2,2025-11-03,2025-11-04,1
353481967.1762240684,2,2,2025-11-03,2025-11-04,1
30645906.1762097114,2,2,2025-11-02,2025-11-04,2
2031614041.1762055106,2,2,2025-11-03,2025-11-04,1
1809553219.1761999308,2,2,2025-11-02,2025-11-04,2
980180675.1761080344,2,2,2025-11-02,2025-11-04,2
1411851619.1754311589,2,2,2025-11-03,2025-11-04,1
29416063.1758222147,2,2,2025-11-02,2025-11-04,2
731631789.1759102649,2,2,2025-11-03,2025-11-04,1
772827820.1762174846,2,2,2025-11-03,2025-11-04,1
1206722161.1761684118,2,2,2025-11-02,2025-11-04,2
1091072138.1762114457,2,2,2025-11-02,2025-11-04,2
1075359781.1762220286,2,2,2025-11-03,2025-11-04,1
374687240.1762124969,2,2,2025-11-02,2025-11-04,2
110970155.1756641595,2,2,2025-11-03,2025-11-04,1
1474827727.1762225693,2,2,2025-11-03,2025-11-04,1
90877969.1762213030,2,2,2025-11-03,2025-11-04,1
2036189164.1762073166,2,2,2025-11-02,2025-11-04,2
156045011.1760120285,2,2,2025-11-02,2025-11-04,2
1529904099.1761764081,2,2,2025-11-03,2025-11-04,1
1598217029.1761050688,2,2,2025-11-03,2025-11-04,1
1707309942.1762093455,2,2,2025-11-02,2025-11-04,2
365174403.1761599278,2,2,2025-11-02,2025-11-04,2
864163112.1757510229,2,2,2025-11-02,2025-11-04,2
1099347595.1762105537,2,2,2025-11-02,2025-11-04,2
52356545.1761490239,2,2,2025-11-03,2025-11-04,1
1998389130.1762227557,2,2,2025-11-03,2025-11-04,1
941202339.1762049165,2,2,2025-11-03,2025-11-04,1
1835693955.1762201481,2,2,2025-11-03,2025-11-04,1
506299265.1762242655,2,2,2025-11-03,2025-11-04,1
1216975753.1757699989,2,2,2025-11-02,2025-11-04,2
1880882584.1761395219,2,2,2025-11-02,2025-11-04,2
1579007134.1762081410,2,2,2025-11-02,2025-11-04,2
1275191075.1762100917,2,2,2025-11-02,2025-11-04,2
152059007.1761330143,2,2,2025-11-02,2025-11-04,2
276517164.1762194198,2,2,2025-11-03,2025-11-04,1
1403304239.1762223248,2,2,2025-11-03,2025-11-04,1
1150558299.1762226320,2,2,2025-11-03,2025-11-04,1
1773010384.1761828276,2,2,2025-11-02,2025-11-04,2
1297128469.1762216838,2,2,2025-11-03,2025-11-04,1
1593421546.1753874482,2,2,2025-11-02,2025-11-04,2
418413822.1757952023,2,2,2025-11-03,2025-11-04,1
347572729.1757390513,2,2,2025-11-02,2025-11-04,2
1069726999.1762227680,2,2,2025-11-03,2025-11-04,1
773081811.1762210837,2,2,2025-11-03,2025-11-04,1
1118717824.1762081983,2,2,2025-11-02,2025-11-04,2
1501386303.1762227765,2,2,2025-11-03,2025-11-04,1
1248569384.1762230915,2,2,2025-11-03,2025-11-04,1
1574782331.1762227332,2,2,2025-11-03,2025-11-04,1
56499127.1762241733,2,2,2025-11-03,2025-11-04,1
1790761232.1762222141,2,2,2025-11-03,2025-11-04,1
1683895057.1760794407,2,2,2025-11-02,2025-11-04,2
5432896.1761343811,2,2,2025-11-02,2025-11-04,2
659405624.1762227361,2,2,2025-11-03,2025-11-04,1
1927620275.1762170925,2,2,2025-11-03,2025-11-04,1
1017628814.1762223285,2,2,2025-11-03,2025-11-04,1
292702940.1762238648,2,2,2025-11-03,2025-11-04,1
79575229.1762111290,2,2,2025-11-02,2025-11-03,1
1996642962.1762153110,2,2,2025-11-02,2025-11-03,1
400030445.1761405584,2,2,2025-11-02,2025-11-03,1
250152119.1762101189,2,2,2025-11-02,2025-11-03,1
474827673.1761588737,2,2,2025-11-02,2025-11-03,1
1840286806.1748707258,2,2,2025-11-02,2025-11-03,1
1716694443.1760952811,2,2,2025-11-02,2025-11-03,1
1209456220.1762109664,2,2,2025-11-02,2025-11-03,1
916347515.1761932157,2,2,2025-11-02,2025-11-03,1
2121155721.1762133398,2,2,2025-11-02,2025-11-03,1
1073796560.1761852364,2,2,2025-11-02,2025-11-03,1
196892400.1762110546,2,2,2025-11-02,2025-11-03,1
745295516.1753593893,2,2,2025-11-02,2025-11-03,1
1921073205.1762112081,2,2,2025-11-02,2025-11-03,1
284484901.1762115741,2,2,2025-11-02,2025-11-03,1
245859466.1762120076,2,2,2025-11-02,2025-11-03,1
1728338773.1760634532,2,2,2025-11-02,2025-11-03,1
144721839.1762126756,2,2,2025-11-02,2025-11-03,1
1920343911.1761570918,2,2,2025-11-02,2025-11-03,1
950940082.1733801214,2,2,2025-11-02,2025-11-03,1
1684823641.1762122815,2,2,2025-11-02,2025-11-03,1
133637006.1762104117,2,2,2025-11-02,2025-11-03,1
119164056.1762129963,2,2,2025-11-02,2025-11-03,1
1681738075.1762093089,2,2,2025-11-02,2025-11-03,1
1262745985.1762134472,2,2,2025-11-02,2025-11-03,1
1281427922.1761776913,2,2,2025-11-02,2025-11-03,1
224994592.1762023586,2,2,2025-11-02,2025-11-03,1
1208407621.1762139399,2,2,2025-11-02,2025-11-03,1
1273408769.1762132436,2,2,2025-11-02,2025-11-03,1
673019209.1760540018,2,2,2025-11-02,2025-11-03,1
801710853.1762097009,2,2,2025-11-02,2025-11-03,1
1400604141.1762138430,2,2,2025-11-02,2025-11-03,1
1718932753.1762121896,2,2,2025-11-02,2025-11-03,1
1612037565.1762134536,2,2,2025-11-02,2025-11-03,1
1310586045.1762092237,2,2,2025-11-02,2025-11-03,1
710496160.1762120594,2,2,2025-11-02,2025-11-03,1
748167765.1755308535,2,2,2025-11-02,2025-11-03,1
352964282.1762133665,2,2,2025-11-02,2025-11-03,1
144330352.1762122378,2,2,2025-11-02,2025-11-03,1
354023173.1761945603,2,2,2025-11-02,2025-11-03,1
1051986354.1761112788,2,2,2025-11-02,2025-11-03,1
668124443.1762088925,2,2,2025-11-02,2025-11-03,1
623660303.1762139093,2,2,2025-11-02,2025-11-03,1
1978499843.1762039093,2,2,2025-11-02,2025-11-03,1
468191603.1762126965,2,2,2025-11-02,2025-11-03,1
762831808.1762020881,2,2,2025-11-02,2025-11-03,1
55636266.1762122820,2,2,2025-11-02,2025-11-03,1
2143571770.1761806476,2,2,2025-11-02,2025-11-03,1
999809912.1762104483,2,2,2025-11-02,2025-11-03,1
460554587.1762141793,2,2,2025-11-02,2025-11-03,1
833520623.1762125173,2,2,2025-11-02,2025-11-03,1
915794233.1762129270,2,2,2025-11-02,2025-11-03,1
17813079.1759338988,2,2,2025-11-02,2025-11-03,1
306975567.1762128868,2,2,2025-11-02,2025-11-03,1
475182387.1730926327,2,2,2025-11-02,2025-11-03,1
559377229.1762105437,2,2,2025-11-02,2025-11-03,1
842923703.1760135598,2,2,2025-11-02,2025-11-03,1
1061775831.1762117810,2,2,2025-11-02,2025-11-03,1
1797027610.1762094126,2,2,2025-11-02,2025-11-03,1
2048793656.1760793421,2,2,2025-11-02,2025-11-06,4
434584604.1757400432,2,2,2025-11-02,2025-11-03,1
1576471155.1762126933,2,2,2025-11-02,2025-11-03,1
1446009960.1762156376,2,2,2025-11-02,2025-11-03,1
1708651689.1762146228,2,2,2025-11-02,2025-11-03,1
1732928512.1759801793,2,2,2025-11-02,2025-11-03,1
1076841365.1759199258,2,2,2025-11-02,2025-11-06,4
908731649.1762122916,2,2,2025-11-02,2025-11-03,1
1377736178.1762131620,2,2,2025-11-02,2025-11-03,1
46426940.1762120406,2,2,2025-11-02,2025-11-03,1
1177575582.1761225021,2,2,2025-11-02,2025-11-03,1
1197922747.1762138213,2,2,2025-11-02,2025-11-06,4
1244409405.1761677834,2,2,2025-11-02,2025-11-06,4
1138659329.1762139270,2,2,2025-11-02,2025-11-03,1
216253757.1762032566,2,2,2025-11-02,2025-11-03,1
194332391.1762141233,2,2,2025-11-02,2025-11-03,1
2094977843.1762016599,2,2,2025-11-02,2025-11-03,1
2029600012.1761715997,2,2,2025-11-02,2025-11-03,1
1490398317.1762155255,2,2,2025-11-02,2025-11-03,1
1514527845.1762130237,2,2,2025-11-02,2025-11-03,1
167894277.1762139443,2,2,2025-11-02,2025-11-03,1
410366008.1761224045,2,2,2025-11-02,2025-11-03,1
1787598176.1762136419,2,2,2025-11-02,2025-11-03,1
1111720158.1762137965,2,2,2025-11-02,2025-11-03,1
893817295.1762097194,2,2,2025-11-02,2025-11-03,1
1756065501.1762113690,2,2,2025-11-02,2025-11-03,1
10127660.1762125620,2,2,2025-11-02,2025-11-03,1
1779111500.1762113550,2,2,2025-11-02,2025-11-03,1
272677077.1762133298,2,2,2025-11-02,2025-11-03,1
1956666197.1762122319,2,2,2025-11-02,2025-11-03,1
1711252732.1758471993,2,2,2025-11-02,2025-11-03,1
739691112.1762148248,2,2,2025-11-02,2025-11-03,1
297728651.1762146663,2,2,2025-11-02,2025-11-03,1
1151393026.1762124842,2,2,2025-11-02,2025-11-03,1
1016144853.1761772717,2,2,2025-11-02,2025-11-03,1
660005271.1762135935,2,2,2025-11-02,2025-11-03,1
777015965.1762126866,2,2,2025-11-02,2025-11-03,1
281106732.1762078019,2,2,2025-11-02,2025-11-03,1
1107402381.1761866453,2,2,2025-11-02,2025-11-03,1
1244866971.1761630681,2,2,2025-11-02,2025-11-03,1
1638871004.1762136492,2,2,2025-11-02,2025-11-03,1
730314491.1762132379,2,2,2025-11-02,2025-11-03,1
1003617930.1761319444,2,2,2025-11-02,2025-11-03,1
934728755.1746238781,2,2,2025-11-02,2025-11-03,1
216448281.1762231786,2,2,2025-11-03,2025-11-06,3
279092115.1762204843,2,2,2025-11-03,2025-11-06,3
